,param,treshold,condition,p-value,p-value fisher
0,Степень ожирения,>5%,B,0.03527490997513752,
1,Сартаны,>5%,C,0.039979602946256965,0.03691838291380626
2,Степень ожирения,>6%,B,0.03527490997513752,
3,Сартаны,>6%,C,0.039979602946256965,0.03691838291380626
4,Степень ожирения,>7%,B,0.019392727722463303,
5,Сартаны,>7%,C,0.07667875432086813,0.046071700991609475
7,Степень ожирения,>8%,B,0.019392727722463303,
8,Сартаны,>8%,C,0.07667875432086813,0.046071700991609475
19,Дислипидемия,>10%,C,0.08330418229958172,0.04817379416921751
